NodeID, Q1, Q2, P1, P2, DeltaQ, DeltaP, MinOp Violated, Count, No1 Src initial %, No1 Src final %, BACKUP Src initial %, BACKUP Src final %, Chk Initial Src Impact Total %, Chk Final Src Impact Total %
No21,-6250,-6253,442.2058,442.0105,3,0.195343,False,0,100,100,0,0,100,100
CD_4HP,0,-3,514.3875,514.2836,3,0.1038208,False,0,100,100,0,0,100,100
CD_1HP,-0.6,-3.6,125,125,3,0,False,0,100,100,0,0,100,100
CD_1_HP,0,-3,117.2899,117.2393,3,0.05054474,False,0,100,100,0,0,100,100
CD_2HP,0,-3,98.53891,98.44301,3,0.09590149,False,0,100,100,0,0,100,100
CD_5_HP,-0.24,-3.24,91.0803,90.97088,3,0.1094208,False,0,100,100,0,0,100,100
CD_12_HP,0,-3,504.9585,504.844,3,0.1145325,False,0,100,100,0,0,100,100
CD_2_HP,-0.336,-3.336,113.6174,113.5483,3,0.06915283,False,0,100,100,0,0,100,100
CD_3_HP,0,-3,107.3997,107.3091,3,0.09059906,False,0,100,100,0,0,100,100
CD_4_HP,-0.144,-3.144,99.5737,99.47601,3,0.0976944,False,0,100,100,0,0,100,100
CD_6_HP,-0.624,-3.624,87.14713,87.03581,3,0.1113205,False,0,100,100,0,0,100,100
CD_7_HP,-0.408,-3.408,77.32892,77.23366,3,0.09526062,False,0,100,99.99999,0,0,100,99.99999
CD_8_HP,-0.544,-3.544,70,70,3,0,False,0,96.20908,95.35231,3.790921,4.647697,100,100
CD_9_HP,0,-3,56.75548,56.49311,3,0.2623749,False,0,96.20908,95.35231,3.790921,4.647697,100,100
CD_10_HP,0,-3,53.25681,52.91622,3,0.3405838,False,0,96.20908,95.35231,3.790921,4.647697,100,100
CD_11_HP,0,-3,47.44292,46.96068,3,0.4822426,False,0,96.20908,95.35231,3.790921,4.647697,100,100
CD_3HP,-333.332,-336.332,40.15374,39.46654,3,0.6872025,False,0,96.20908,95.35231,3.790921,4.647697,100,100
CD_20_HP,0,-3,124.6943,124.6943,3,7.629395E-06,False,0,100,100,0,0,100,100
CD_19_HP,0,-3,124.4586,124.4471,3,0.01146698,False,0,100,99.99999,0,0,100,99.99999
CD_14_HP,0,-3,124.0998,124.0716,3,0.02816772,False,0,100,100,0,0,100,100
CD_15_HP,0,-3,121.6186,121.4987,3,0.119957,False,0,100,99.99999,0,0,100,99.99999
CD_13_HP,0,-3,117.8125,117.6298,3,0.1827011,False,0,100,100,0,0,100,100
CD_17_HP,-0.592,-3.592,116.5337,116.3508,3,0.1828918,False,0,100,100,0,0,100,100
CD_16_HP,0,-3,114.6221,114.4643,3,0.1577911,False,0,100,99.99998,0,0,100,99.99998
CD_18_HP,-0.672,-3.672,113.6208,113.489,3,0.1318436,False,0,100,100,0,0,100,100
CD_1_IP,0,-3,60,60,3,0,False,0,100,100,0,0,100,100
CD_11_IP,-1.368,-4.368,59.57892,59.53679,3,0.0421257,False,0,100,100,0,0,100,100
CD_12_IP,-0.864,-3.864,59.48755,59.38943,3,0.09811783,False,0,100,100,0,0,100,100
CD_17_IP,-2.76,-5.76,59.43657,59.38678,3,0.04978943,False,0,100,100,0,0,100,100
CD_15_IP,-0.816,-3.816,59.25985,59.21296,3,0.04688263,False,0,100,100,0,0,100,100
CD_32_IP,-8.712,-11.712,59.226,59.18444,3.000001,0.04156113,False,0,100,99.99999,0,0,100,99.99999
CD_14_IP,-2.232,-5.232,59.25696,59.20012,3,0.05683899,False,0,100,100,0,0,100,100
CD_34_IP,-0.984,-3.984,59.25861,59.20794,3,0.05066681,False,0,100,100,0,0,100,100
CD_31_IP,-0.48,-3.48,59.40744,59.34761,3,0.05983734,False,0,100,99.99999,0,0,100,99.99999
CD_2_IP,-1.464,-4.464,60,60,3,0,False,0,100,100,0,0,100,100
CD_13_IP,-2.76,-5.76,59.22448,59.18493,3,0.03955078,False,0,100,100,0,0,100,100
CD_44_IP,-2.376,-5.376,58.48708,58.40468,3,0.08240128,False,0,99.99999,100,0,0,99.99999,100
CD_20_IP,-0.552,-3.552,55.63274,55.50025,3,0.1324959,False,0,99.99999,100,0,0,99.99999,100
CD_19_IP,-0.936,-3.936,55.60599,55.46657,3,0.1394196,False,0,99.99999,100,0,0,99.99999,100
CD_21_IP,-0.288,-3.288,55.57213,55.43212,3,0.1400146,False,0,99.99999,100,0,0,99.99999,100
CD_43_IP,-1.008,-4.008,55.54527,55.40752,3,0.1377487,False,0,99.99999,100,0,0,99.99999,100
CD_22_IP,-1.56,-4.56,55.50083,55.37715,3,0.1236763,False,0,99.99999,99.99998,0,0,99.99999,99.99998
CD_23_IP,-0.672,-3.672,58.38726,58.31801,3,0.06924438,False,0,100,100,0,0,100,100
CD_3_IP,-2.136,-5.136,60,60,3,0,False,0,100,100,0,0,100,100
CD_25_IP,-0.96,-3.96,58.56773,57.83128,3,0.7364502,False,0,100,100,0,0,100,100
CD_24_IP,0,-3,58.56723,57.78804,3,0.7791862,False,0,0,100,0,0,0,100
CD_26_IP,-2.136,-5.136,57.37171,55.66489,3,1.706818,False,0,100,100,0,0,100,100
CD_18_IP,-1.872,-4.872,59.39225,59.32387,3,0.06837463,False,0,100,100,0,0,100,100
CD_28_IP,-0.624,-3.624,59.32903,59.12494,3,0.2040863,False,0,100,100,0,0,100,100
CD_27_IP,-0.864,-3.864,59.30238,58.75639,3,0.5459862,False,0,100,99.99999,0,0,100,99.99999
CD_29_IP,-1.824,-4.824,59.1942,58.36915,3,0.8250465,False,0,100,99.99999,0,0,100,99.99999
CD_16_IP,-1.848,-4.848,59.25888,59.20533,3,0.05354691,False,0,100,100,0,0,100,100
CD_30_IP,-1.752,-4.752,59.25888,59.20757,3,0.05131149,False,0,100,100,0,0,100,100
CD_33_IP,-2.712,-5.712,59.22484,59.1403,3,0.08454132,False,0,100,100,0,0,100,100
CD_35_IP,-0.984,-3.984,56.9167,54.33573,3,2.580967,False,0,100,100,0,0,100,100
CD_36_IP,0,-3,56.91721,54.25037,3,2.666836,False,0,0,100,0,0,0,100
CD_37_IP,-2.808,-5.808,56.59253,53.09645,3,3.496078,False,0,100,100,0,0,100,100
CD_38_IP,-1.944,-4.944,57.2104,54.79068,3,2.41972,False,0,100,100,0,0,100,100
CD_39_IP,-1.536,-4.536,55.46351,55.27049,3,0.1930199,False,0,99.99999,100,0,0,99.99999,100
CD_42_IP,-0.312,-3.312,55.47076,55.27052,3,0.2002411,False,0,99.99999,100,0,0,99.99999,100
CD_40_IP,-0.552,-3.552,55.45698,55.14469,3,0.3122864,False,0,99.99999,100,0,0,99.99999,100
CD_41_IP,-1.344,-4.344,55.43077,54.9352,3,0.495575,False,0,99.99999,100,0,0,99.99999,100
CD_45_IP,-1.152,-4.152,58.42234,57.78541,3,0.6369286,False,0,99.99999,99.99999,0,0,99.99999,99.99999
CD_116_IP,-0.76,-3.76,101.7831,101.6844,3,0.09875488,False,0,100,99.99999,0,0,100,99.99999
CD_87_IP,-0.648,-3.648,90.16536,90.05518,3,0.1101837,False,0,100,100,0,0,100,100
CD_92_HP,-0.624,-3.624,112.4469,112.3628,3,0.08408356,False,0,100,99.99999,0,0,100,99.99999
CD_71_IP,-0.312,-3.312,55.95793,55.83856,3,0.1193657,False,0,100,100,0,0,100,100
CD_48_IP,-1.824,-4.824,60,60,3,0,False,0,100,99.99999,0,0,100,99.99999
CD_54_IP,-0.408,-3.408,58.3948,58.34048,3,0.05431747,False,0,100,100,0,0,100,100
CD_50_IP,-0.936,-3.936,56.41385,56.31415,3,0.09970093,False,0,100,100,0,0,100,100
CD_61_IP,-2.328,-5.328,56.87761,56.76884,3,0.1087685,False,0,100,100,0,0,100,100
CD_49_IP,-1.32,-4.32,56.72592,56.63027,3,0.09564972,False,0,100,100,0,0,100,100
CD_64_IP,-1.296,-4.296,56.60434,56.50888,3,0.0954628,False,0,100,99.99998,0,0,100,99.99998
CD_81_IP,-1.944,-4.944,56.71271,56.6118,3,0.1009064,False,0,100,100,0,0,100,100
CD_52_IP,-2.472,-5.472,56.7348,56.62301,3,0.1117897,False,0,100,100,0,0,100,100
CD_51_IP,-2.16,-5.16,56.72993,56.60059,3,0.1293411,False,0,100,100,0,0,100,100
CD_53_IP,-2.832,-5.831999,58.54416,58.43031,2.999999,0.1138458,False,0,100,100,0,0,100,100
CD_58_IP,-2.04,-5.04,57.49682,57.40854,3,0.08827972,False,0,100,99.99999,0,0,100,99.99999
CD_69_IP,-1.8,-4.8,59.31355,59.25626,3,0.05728912,False,0,100,99.99998,0,0,100,99.99998
CD_55_IP,-1.656,-4.656,58.11687,58.06781,3,0.04905701,False,0,100,100,0,0,100,100
CD_68_IP,-1.32,-4.32,58.19555,58.1371,3,0.05844879,False,0,100,99.99999,0,0,100,99.99999
CD_56_IP,-1.968,-4.968,58.40068,58.34293,3,0.05774689,False,0,100,100,0,0,100,100
CD_153_IP,-2.256,-5.256,58.38968,58.3308,3,0.05887985,False,0,100,100,0,0,100,100
CD_57_IP,-1.44,-4.44,56.51155,56.42275,3,0.08879852,False,0,100,99.99998,0,0,100,99.99998
CD_59_IP,-0.504,-3.504,57.44817,57.36901,3,0.07915115,False,0,100,99.99999,0,0,100,99.99999
CD_62_IP,-1.344,-4.344,56.82555,56.73027,3,0.09527969,False,0,100,100,0,0,100,100
CD_66_IP,-0.888,-3.888,57.44781,57.34163,3,0.1061745,False,0,100,100,0,0,100,100
CD_60_IP,-1.2,-4.2,57.75949,57.67009,3,0.08940506,False,0,100,100,0,0,100,100
CD_76_IP,-2.52,-5.52,57.74662,57.61022,3,0.1364021,False,0,100,100,0,0,100,100
CD_65_IP,-2.304,-5.304,56.7805,56.62334,3,0.1571617,False,0,100,100,0,0,100,100
CD_63_IP,-2.784,-5.783999,56.7142,56.379,2.999999,0.3352013,False,0,100,100,0,0,100,100
CD_67_IP,-2.64,-5.64,57.84647,57.76125,3,0.08522034,False,0,100,100,0,0,100,100
CD_70_IP,-0.36,-3.36,59.31063,59.11499,3,0.1956406,False,0,100,100,0,0,100,100
CD_74_IP,-2.52,-5.52,56.12,55.38148,3,0.7385139,False,0,100,100,0,0,100,100
CD_72_IP,-33.57873,-36.43636,52.67101,51.85226,1.696362,0.8187485,False,0,100,99.99999,0,0,100,99.99999
CD_73_IP,0,-3,52.6707,51.77928,3,0.8914223,False,0,0,100,0,0,0,100
CD_75_IP,0,-3,56.12007,55.33898,3,0.7810936,False,0,0,100,0,0,0,100
CD_77_IP,-2.04,-5.04,58.11737,58.06824,3,0.0491333,False,0,100,100,0,0,100,100
CD_78_IP,-2.616,-5.616,58.03923,57.91518,3,0.1240501,False,0,100,99.99999,0,0,100,99.99999
CD_79_IP,-0.6959999,-3.696,56.70813,56.60499,3,0.103138,False,0,100,99.99999,0,0,100,99.99999
CD_80_IP,-0.576,-3.576,56.71671,56.43533,3,0.2813797,False,0,100,100,0,0,100,100
CD_82_IP,0,-3,56.71269,56.56506,3,0.1476326,False,0,0,99.99998,0,0,0,99.99998
CD_83_IP,-1.584,-4.584,58.231,58.1628,3,0.06820297,False,0,100,100,0,0,100,100
CD_86_IP,-1.656,-4.656,58.16115,58.0956,3,0.06555176,False,0,100,100,0,0,100,100
CD_84_IP,-0.36,-3.36,58.12386,58.07336,3,0.05049515,False,0,100,100,0,0,100,100
CD_85_IP,-2.28,-5.28,58.14602,58.08296,3,0.06305695,False,0,100,99.99999,0,0,100,99.99999
CD_142_IP,-2.64,-5.64,58.11098,58.05177,3,0.05921173,False,0,100,100,0,0,100,100
CD_88_IP,0,-3,58.16118,58.05974,3,0.1014404,False,0,0,100,0,0,0,100
CD_89_IP,0,-3,60,60,3,0,False,0,100,100,0,0,100,100
CD_90_IP,-0.648,-3.648,58.62954,58.59826,3,0.03128052,False,0,100,99.99999,0,0,100,99.99999
CD_146_IP,-1.944,-4.944,57.88953,57.80402,3,0.08551788,False,0,100,99.99999,0,0,100,99.99999
CD_94_HP,0,-3,114.5247,114.4596,3,0.06508636,False,0,100,99.99999,0,0,100,99.99999
CD_93_HP,-390.8512,-393.7088,116.2768,116.2281,118.7088,0.0486145,False,0,100,100,0,0,100,100
CD_95_HP,-122.5196,-125.4484,114.493,114.428,30.44843,0.06504059,False,0,100,100,0,0,100,100
CD_91_IP,-0.6959999,-3.696,56.60609,56.49641,3,0.1096725,False,0,100,100,0,0,100,100
CD_102_IP,-0.72,-3.72,56.57311,56.4769,3,0.09621048,False,0,99.99998,100,0,0,99.99998,100
CD_96_IP,-1.848,-4.848,57.61192,57.53813,3,0.07378387,False,0,100,100,0,0,100,100
CD_155_IP,-2.376,-5.376,58.50513,58.47385,3,0.03128052,False,0,100,100,0,0,100,100
CD_97_IP,-1.392,-4.392,57.61063,57.52859,3,0.08204651,False,0,100,100,0,0,100,100
CD_98_IP,-2.568,-5.567999,56.6027,56.51939,2.999999,0.08330154,False,0,100,100,0,0,100,100
CD_150_IP,-0.744,-3.744,56.82829,56.74388,3,0.08440399,False,0,100,99.99998,0,0,100,99.99998
CD_101_IP,-0.816,-3.816,55.61174,55.50079,3,0.1109428,False,0,100,100,0,0,100,100
CD_99_IP,-1.56,-4.56,52.89498,52.75265,3,0.1423302,False,0,100,100,0,0,100,100
CD_100_IP,-2.472,-5.472,52.33992,52.14162,3,0.198307,False,0,99.99998,100,0,0,99.99998,100
CD_159_IP,-0.6959999,-3.696,54.57883,54.46614,3,0.11269,False,0,100,99.99998,0,0,100,99.99998
CD_137_IP,-0.48,-3.48,56.5708,56.47596,3,0.09484482,False,0,99.99998,100,0,0,99.99998,100
CD_149_IP,-1.008,-4.008,55.55011,55.37991,3,0.1702003,False,0,100,100,0,0,100,100
CD_103_IP,-2.256,-5.256,56.9616,56.84872,3,0.1128845,False,0,100,100,0,0,100,100
CD_136_IP,-0.432,-3.432,56.63268,56.51659,3,0.1160812,False,0,100,100,0,0,100,100
CD_109_IP,-2.328,-5.328,58.1133,58.05782,3,0.05548477,False,0,99.99999,99.99998,0,0,99.99999,99.99998
CD_113_IP,-1.728,-4.728,58.11353,58.01624,3,0.09728622,False,0,100,99.99999,0,0,100,99.99999
CD_108_IP,-1.512,-4.512,54.61428,53.84505,3,0.7692337,False,0,99.99999,100,0,0,99.99999,100
CD_106_IP,-11.592,-14.592,52.81562,51.87946,4.752,0.9361572,False,0,99.99999,100,0,0,99.99999,100
CD_110_IP,-0.984,-3.984,57.5663,57.44091,3,0.1253891,False,0,99.99999,100,0,0,99.99999,100
CD_111_IP,-2.424,-5.424,54.54286,53.5438,3,0.9990616,False,0,99.99999,100,0,0,99.99999,100
CD_112_IP,-1.704,-4.704,57.21508,57.10995,3,0.1051292,False,0,100,100,0,0,100,100
CD_115_IP,-1.512,-4.512,59.2152,59.14119,3,0.07400894,False,0,100,99.99999,0,0,100,99.99999
CD_114_IP,-0.432,-3.432,59.21118,58.99557,3,0.2156105,False,0,100,100,0,0,100,100
CD_118_IP,-0.144,-3.144,101.7821,101.6827,3,0.09936523,False,0,100,99.99999,0,0,100,99.99999
CD_117_IP,-9.74,-12.74,101.7818,101.6823,3.000001,0.09952545,False,0,100,99.99999,0,0,100,99.99999
CD_119_IP,-0.504,-3.504,101.7821,101.682,3,0.1000977,False,0,100,99.99999,0,0,100,99.99999
CD_125_IP,-1.704,-4.704,59.00743,58.93747,3,0.06996155,False,0,100,100,0,0,100,100
CD_120_IP,-8.786,-11.786,57.65427,57.53644,3.455999,0.1178284,False,0,99.99998,100,0,0,99.99998,100
CD_122_IP,-0.864,-3.864,57.64121,57.52229,3,0.1189194,False,0,100,100,0,0,100,100
CD_121_IP,-1.728,-4.728,58.62191,58.48293,3,0.1389809,False,0,99.99999,100,0,0,99.99999,100
CD_123_IP,-2.496,-5.496,58.62835,58.54218,3,0.0861702,False,0,100,99.99999,0,0,100,99.99999
CD_128_IP,-2.88,-5.88,58.33271,58.22947,3,0.103241,False,0,100,99.99999,0,0,100,99.99999
CD_124_IP,-2.328,-5.328,58.63215,58.51214,3,0.1200104,False,0,100,100,0,0,100,100
CD_126_IP,-0.864,-3.864,58.74042,58.65809,3,0.0823288,False,0,100,99.99999,0,0,100,99.99999
CD_127_IP,-2.496,-5.496,58.65913,58.3293,3,0.3298225,False,0,100,100,0,0,100,100
CD_130_IP,-2.16,-5.16,58.10452,57.99161,3,0.1129074,False,0,100,100,0,0,100,100
CD_129_IP,-2.28,-5.28,58.2533,57.87875,3,0.3745537,False,0,100,99.99999,0,0,100,99.99999
CD_133_IP,-9.147377,-12.00501,57.66161,57.54918,3.675009,0.1124229,False,0,100,100,0,0,100,100
CD_131_IP,-0.888,-3.888,58.08767,57.76913,3,0.3185463,False,0,100,100,0,0,100,100
CD_132_IP,0,-3,58.2533,57.84397,3,0.4093285,False,0,0,99.99999,0,0,0,99.99999
CD_134_IP,-24.47518,-27.33281,52.06908,50.62701,2.332811,1.44207,False,0,100,100,0,0,100,100
CD_135_IP,-15.4899,-18.34753,49.76737,47.68115,4.017531,2.086224,False,0,99.99999,100,0,0,99.99999,100
CD_144_IP,-1.68,-4.68,56.57278,56.48172,3,0.09105301,False,0,100,100,0,0,100,100
CD_138_IP,-0.888,-3.888,55.55646,55.3469,3,0.2095604,False,0,100,100,0,0,100,100
CD_140_IP,-1.344,-4.344,56.15944,55.93813,3,0.2213135,False,0,99.99998,99.99999,0,0,99.99998,99.99999
CD_139_IP,-2.736,-5.736,56.076,55.85666,3,0.2193375,False,0,99.99997,99.99999,0,0,99.99997,99.99999
CD_141_IP,0,-3,56.07591,55.8223,3,0.2536087,False,0,0,99.99998,0,0,0,99.99998
CD_143_IP,-0.984,-3.984,57.52634,57.43187,3,0.09447479,False,0,100,100,0,0,100,100
CD_148_IP,-2.208,-5.208,56.58425,56.49743,3,0.08682251,False,0,100,100,0,0,100,100
CD_145_IP,-2.568,-5.567999,55.50856,55.30825,2.999999,0.2003136,False,0,100,100,0,0,100,100
CD_147_IP,0,-3,57.88953,57.75576,3,0.1337662,False,0,0,99.99999,0,0,0,99.99999
CD_151_IP,-0.7679999,-3.768,55.7298,55.39351,3,0.3362961,False,0,100,100,0,0,100,100
CD_152_IP,-0.816,-3.816,58.44852,58.3429,3,0.105629,False,0,100,100,0,0,100,100
CD_154_IP,-0.552,-3.552,60,60,3,0,False,0,100,100,0,0,100,100
CD_156_IP,-0.288,-3.288,58.62971,58.60508,3,0.02462769,False,0,100,100,0,0,100,100
CD_170_IP,-2.64,-5.64,58.58012,58.55258,3,0.02754593,False,0,100,100,0,0,100,100
CD_181_IP,-2.568,-5.567999,58.0961,58.05718,2.999999,0.03891754,False,0,100,100,0,0,100,100
CD_157_IP,-0.6,-3.6,55.41483,55.32883,3,0.08599854,False,0,100,100,0,0,100,100
CD_158_IP,-2.088,-5.088,55.20195,55.1104,3,0.09154892,False,0,100,100,0,0,100,100
CD_169_IP,-1.488,-4.488,55.24158,55.141,3,0.1005859,False,0,100,99.99998,0,0,100,99.99998
CD_160_IP,-1.92,-4.92,54.69408,54.57767,3,0.1164131,False,0,100,100,0,0,100,100
CD_166_IP,-2.232,-5.232,54.63445,54.51849,3,0.1159515,False,0,100,99.99999,0,0,100,99.99999
CD_178_IP,-1.488,-4.488,55.63424,55.31456,3,0.3196869,False,0,100,100,0,0,100,100
CD_161_IP,-2.496,-5.496,55.39296,55.18902,3,0.2039413,False,0,100,99.99999,0,0,100,99.99999
CD_164_IP,-1.464,-4.464,54.80857,54.63364,3,0.1749344,False,0,100,100,0,0,100,100
CD_162_IP,-1.728,-4.728,56.21805,56.14331,3,0.07474136,False,0,100,100,0,0,100,100
CD_172_IP,-0.456,-3.456,55.72777,55.44794,3,0.2798271,False,0,100,100,0,0,100,100
CD_163_IP,-2.4,-5.4,54.59811,54.27546,3,0.3226547,False,0,100,100,0,0,100,100
CD_165_IP,-0.792,-3.792,54.65002,54.49641,3,0.153614,False,0,100,100,0,0,100,100
CD_167_IP,-1.248,-4.248,54.7774,54.36153,3,0.4158745,False,0,100,100,0,0,100,100
CD_168_IP,-0.984,-3.984,56.01814,55.84665,3,0.1714859,False,0,100,100,0,0,100,100
CD_174_IP,-1.8,-4.8,58.56646,58.53788,3,0.0285759,False,0,100,99.99998,0,0,100,99.99998
CD_171_IP,-2.256,-5.256,56.02238,55.84849,3,0.173893,False,0,100,100,0,0,100,100
CD_173_IP,-1.152,-4.152,55.70351,55.21569,3,0.4878235,False,0,100,100,0,0,100,100
CD_176_IP,-2.424,-5.424,58.55359,58.52402,3,0.02957153,False,0,100,100,0,0,100,100
CD_175_IP,-2.64,-5.64,58.51505,58.33967,3,0.1753845,False,0,100,99.99998,0,0,100,99.99998
CD_177_IP,0,-3,58.55359,58.51561,3,0.03797913,False,0,0,100,0,0,0,100
CD_179_IP,-1.992,-4.992,55.60543,55.16681,3,0.4386215,False,0,100,100,0,0,100,100
CD_185_IP,-2.592,-5.592,55.23199,55.11768,3,0.1143112,False,0,100,100,0,0,100,100
CD_182_IP,-0.504,-3.504,58.03897,57.97723,3,0.06173706,False,0,100,100,0,0,100,100
CD_183_IP,-2.328,-5.328,54.54246,54.32465,3,0.2178116,False,0,100,100,0,0,100,100
CD_188_IP,-0.648,-3.648,54.21162,53.90497,3,0.3066483,False,0,100,99.99999,0,0,100,99.99999
CD_187_IP,-1.392,-4.392,54.66855,54.38126,3,0.2872849,False,0,100,100,0,0,100,100
CD_186_IP,-2.064,-5.064,55.33524,55.1623,3,0.1729393,False,0,100,100,0,0,100,100
CD_184_IP,0,-3,54.6686,54.35601,3,0.3125916,False,0,0,100,0,0,0,100
CD_193_IP,-2.04,-5.04,53.9538,53.58221,3,0.371582,False,0,100,100,0,0,100,100
CD_189_IP,-1.32,-4.32,54.18165,53.66175,3,0.5199013,False,0,100,99.99999,0,0,100,99.99999
CD_190_IP,-0.576,-3.576,53.61911,52.75277,3,0.8663406,False,0,100,100,0,0,100,100
CD_191_IP,-2.88,-5.88,53.62473,52.901,3,0.7237282,False,0,100,99.99998,0,0,100,99.99998
CD_192_IP,0,-3,53.62473,52.84874,3,0.7759895,False,0,0,100,0,0,0,100
CD_180_IP,0,-3,53.95364,53.57424,3,0.3794022,False,0,0,99.99998,0,0,0,99.99998
CD_194_IP,-2.184,-5.184,53.77409,53.35908,3,0.4150124,False,0,100,99.99998,0,0,100,99.99998
CD_195_IP,-2.496,-5.496,53.20319,52.46764,3,0.7355461,False,0,100,100,0,0,100,100
CD_92_IP,-2.736,-5.736,52.69097,52.52864,3,0.1623268,False,0,100,99.99999,0,0,100,99.99999
CD_47_IP,-0.672,-3.672,53.35824,53.22753,3,0.1307106,False,0,100,99.99999,0,0,100,99.99999
CD_46_IP,-0.648,-3.648,52.45184,52.30618,3,0.1456566,False,0,100,99.99999,0,0,100,99.99999
CD_93_IP,-0.744,-3.744,52.34252,52.16454,3,0.1779747,False,0,99.99999,100,0,0,99.99999,100
CD_107_IP,-1.224,-4.224,54.29007,54.05507,3,0.2350044,False,0,100,100,0,0,100,100
CD_196_IP,-0.312,-3.312,54.11367,53.7997,3,0.3139687,False,0,99.99999,99.99998,0,0,99.99999,99.99998
CD_94_IP,-2.616,-5.616,52.88836,52.60728,3,0.2810745,False,0,99.99999,100,0,0,99.99999,100
CD_198_IP,-0.576,-3.576,52.83717,52.59256,3,0.2446136,False,0,100,100,0,0,100,100
CD_95_IP,-2.544,-5.544,51.50623,50.08818,3,1.418045,False,0,99.99999,100,0,0,99.99999,100
CD_104_IP,-2.4,-5.4,51.45694,49.87858,3,1.578358,False,0,99.99998,100,0,0,99.99998,100
CD_105_IP,-2.856,-5.856,51.35507,49.53368,3,1.821388,False,0,99.99999,100,0,0,99.99999,100
CD_197_IP,-2.832,-5.831999,53.15344,52.93016,2.999999,0.223278,False,0,100,100,0,0,100,100
CD_204_IP,-2.184,-5.184,54.93593,54.82166,3,0.1142654,False,0,100,100,0,0,100,100
CD_287_IP,-1.8,-4.8,53.27331,52.7544,3,0.5189095,False,0,100,100,0,0,100,100
CD_285_IP,-2.208,-5.208,55.10545,55.00184,3,0.1036034,False,0,100,99.99999,0,0,100,99.99999
CD_284_IP,-1.128,-4.128,53.13353,52.99804,3,0.1354866,False,0,100,100,0,0,100,100
CD_329_IP,-1.584,-4.584,52.6121,52.46153,3,0.1505699,False,0,100,100,0,0,100,100
CD_209_IP,-0.744,-3.744,52.34529,52.16331,3,0.1819839,False,0,99.99998,100,0,0,99.99998,100
CD_199_IP,-2.664,-5.664,50,50,3,0,False,0,100,100,0,0,100,100
CD_202_IP,-0.888,-3.888,49.79816,49.73572,3,0.06243896,False,0,100,100,0,0,100,100
CD_201_IP,-1.848,-4.848,50.24972,50.13689,3,0.1128235,False,0,100,100,0,0,100,100
CD_200_IP,-1.56,-4.56,50.30452,50.18151,3,0.1230087,False,0,99.99997,100,0,0,99.99997,100
CD_300_IP,-1.392,-4.392,52.02732,51.86273,3,0.1645889,False,0,100,100,0,0,100,100
CD_270_IP,-0.912,-3.912,49.79486,49.73091,3,0.06395721,False,0,100,99.99999,0,0,100,99.99999
CD_224_IP,-1.488,-4.488,49.74072,49.62857,3,0.1121483,False,0,100,100,0,0,100,100
CD_203_IP,-1.056,-4.056,53.09221,52.94754,3,0.1446609,False,0,100,99.99999,0,0,100,99.99999
CD_208_IP,-1.656,-4.656,53.54708,53.34397,3,0.2031174,False,0,100,100,0,0,100,100
CD_205_IP,-2.376,-5.376,52.80746,52.67006,3,0.1374016,False,0,100,99.99998,0,0,100,99.99998
CD_207_IP,-2.448,-5.448,53.56053,53.34632,3,0.2142067,False,0,100,100,0,0,100,100
CD_206_IP,-2.88,-5.88,53.0915,52.89113,3,0.2003632,False,0,100,100,0,0,100,100
CD_211_IP,-2.76,-5.76,53.87651,53.34749,3,0.5290222,False,0,100,99.99999,0,0,100,99.99999
CD_210_IP,-2.184,-5.184,52.83304,52.54768,3,0.2853661,False,0,99.99998,100,0,0,99.99998,100
CD_212_IP,-0.96,-3.96,53.86373,53.19183,3,0.6718979,False,0,100,100,0,0,100,100
CD_213_IP,-1.392,-4.392,52.32544,52.01097,3,0.3144684,False,0,99.99998,100,0,0,99.99998,100
CD_214_IP,-0.456,-3.456,51.63954,51.44514,3,0.1944008,False,0,100,100,0,0,100,100
CD_219_IP,-0.504,-3.504,52.84597,52.6808,3,0.1651764,False,0,99.99998,100,0,0,99.99998,100
CD_215_IP,-2.784,-5.783999,52.81529,52.67368,2.999999,0.141613,False,0,100,100,0,0,100,100
CD_217_IP,-0.384,-3.384,52.85108,52.70346,3,0.1476212,False,0,100,100,0,0,100,100
CD_218_IP,-2.616,-5.616,52.84412,52.67679,3,0.1673241,False,0,100,100,0,0,100,100
CD_220_IP,-2.16,-5.16,49.79714,49.6735,3,0.1236458,False,0,100,99.99998,0,0,100,99.99998
CD_221_IP,-0.744,-3.744,50.00614,49.90566,3,0.1004791,False,0,100,100,0,0,100,100
CD_222_IP,-2.28,-5.28,49.47517,49.32308,3,0.1520958,False,0,100,100,0,0,100,100
CD_234_IP,-2.088,-5.088,49.37194,49.21331,3,0.1586227,False,0,100,99.99998,0,0,100,99.99998
CD_236_IP,-2.184,-5.184,48.18367,47.72046,3,0.4632111,False,0,100,99.99999,0,0,100,99.99999
CD_243_IP,-1.08,-4.08,49.74866,49.63279,3,0.1158752,False,0,100,100,0,0,100,100
CD_225_IP,-2.76,-5.76,49.36728,49.20752,3,0.1597633,False,0,100,100,0,0,100,100
CD_248_IP,-0.72,-3.72,49.465,49.30803,3,0.1569748,False,0,100,100,0,0,100,100
CD_238_IP,-0.6,-3.6,48.20491,47.75127,3,0.4536476,False,0,100,100,0,0,100,100
CD_226_IP,-2.28,-5.28,48.24147,47.8345,3,0.4069633,False,0,100,99.99998,0,0,100,99.99998
CD_228_IP,-1.2,-4.2,47.81747,47.35638,3,0.4610863,False,0,100,100,0,0,100,100
CD_231_IP,-2.688,-5.688,47.70774,47.17429,3,0.5334587,False,0,100,99.99998,0,0,100,99.99998
CD_229_IP,-2.712,-5.712,47.80318,47.3456,3,0.4575882,False,0,100,99.99998,0,0,100,99.99998
CD_250_IP,-2.664,-5.664,48.03815,47.60541,3,0.4327469,False,0,100,99.99999,0,0,100,99.99999
CD_230_IP,-2.736,-5.736,49.36622,49.20475,3,0.1614647,False,0,99.99999,99.99999,0,0,99.99999,99.99999
CD_232_IP,-1.584,-4.584,47.67676,47.11215,3,0.5646095,False,0,100,99.99998,0,0,100,99.99998
CD_227_IP,-0.552,-3.552,47.66779,46.88131,3,0.7864838,False,0,100,100,0,0,100,100
CD_233_IP,-2.736,-5.736,47.69002,47.22425,3,0.4657631,False,0,100,99.99999,0,0,100,99.99999
CD_235_IP,-2.712,-5.712,48.32979,47.93422,3,0.3955688,False,0,100,99.99998,0,0,100,99.99998
CD_239_IP,-2.472,-5.472,47.42108,46.62329,3,0.7977943,False,0,100,100,0,0,100,100
CD_237_IP,-2.808,-5.808,48.1989,47.75261,3,0.4462929,False,0,100,99.99998,0,0,100,99.99998
CD_261_IP,-1.992,-4.992,46.40827,45.3349,3,1.073372,False,0,100,100,0,0,100,100
CD_240_IP,-1.68,-4.68,47.35262,46.19447,3,1.158154,False,0,100,99.99998,0,0,100,99.99998
CD_241_IP,-1.728,-4.728,49.75807,49.63956,3,0.118515,False,0,100,99.99998,0,0,100,99.99998
CD_242_IP,-2.784,-5.783999,49.69136,49.39315,2.999999,0.2982063,False,0,100,99.99998,0,0,100,99.99998
CD_244_IP,-1.56,-4.56,49.72053,49.44403,3,0.2764969,False,0,100,100,0,0,100,100
CD_245_IP,-1.632,-4.632,46.38614,45.30574,3,1.080402,False,0,100,100,0,0,100,100
CD_223_IP,-0.888,-3.888,46.37058,45.10232,3,1.268261,False,0,100,99.99998,0,0,100,99.99998
CD_246_IP,-2.208,-5.208,46.49297,45.46291,3,1.030052,False,0,100,100,0,0,100,100
CD_247_IP,-1.176,-4.176,46.47135,45.25583,3,1.215515,False,0,100,100,0,0,100,100
CD_249_IP,-2.16,-5.16,48.43226,47.97521,3,0.4570465,False,0,100,100,0,0,100,100
CD_252_IP,-1.896,-4.896,48.29969,47.8564,3,0.4432983,False,0,100,99.99998,0,0,100,99.99998
CD_251_IP,-2.592,-5.592,48.60382,48.19202,3,0.4118042,False,0,100,100,0,0,100,100
CD_257_IP,-0.312,-3.312,48.39494,47.95857,3,0.4363632,False,0,100,100,0,0,100,100
CD_254_IP,-0.336,-3.336,48.60232,48.10946,3,0.4928589,False,0,100,100,0,0,100,100
CD_255_IP,-1.488,-4.488,48.4085,47.80685,3,0.6016541,False,0,100,100,0,0,100,100
CD_256_IP,0,-3,48.43184,47.94057,3,0.4912682,False,0,0,100,0,0,0,100
CD_253_IP,-2.112,-5.112,48.19547,47.42754,3,0.7679329,False,0,100,100,0,0,100,100
CD_258_IP,-0.792,-3.792,49.87288,49.78208,3,0.09079742,False,0,100,100,0,0,100,100
CD_259_IP,-0.888,-3.888,46.38733,45.30326,3,1.084068,False,0,100,99.99998,0,0,100,99.99998
CD_260_IP,0,-3,46.38645,45.27342,3,1.113033,False,0,0,99.99998,0,0,0,99.99998
CD_262_IP,-1.968,-4.968,46.3704,45.13157,3,1.238831,False,0,100,100,0,0,100,100
CD_263_IP,-1.584,-4.584,46.34613,45.04172,3,1.304405,False,0,100,100,0,0,100,100
CD_264_IP,-0.7679999,-3.768,49.7872,49.71667,3,0.07052231,False,0,100,100,0,0,100,100
CD_275_IP,-1.944,-4.944,49.78762,49.7162,3,0.07142258,False,0,100,100,0,0,100,100
CD_268_IP,-1.056,-4.056,49.49707,49.19481,3,0.3022614,False,0,100,99.99999,0,0,100,99.99999
CD_266_IP,-0.36,-3.36,49.41438,49.04361,3,0.3707657,False,0,100,100,0,0,100,100
CD_265_IP,-2.616,-5.616,49.40959,49.01356,3,0.3960304,False,0,99.99998,100,0,0,99.99998,100
CD_267_IP,-1.992,-4.992,49.37033,48.81689,3,0.5534325,False,0,100,100,0,0,100,100
CD_269_IP,-1.656,-4.656,49.46283,48.98021,3,0.4826164,False,0,100,100,0,0,100,100
CD_271_IP,-1.32,-4.32,49.44721,49.0596,3,0.3876038,False,0,100,100,0,0,100,100
CD_272_IP,0,-3,49.44702,49.01179,3,0.4352341,False,0,0,100,0,0,0,100
CD_273_IP,-2.784,-5.783999,49.78922,49.71667,2.999999,0.07255173,False,0,100,100,0,0,100,100
CD_276_IP,-1.44,-4.44,49.81915,49.73814,3,0.0810051,False,0,100,99.99998,0,0,100,99.99998
CD_274_IP,-2.112,-5.112,49.67983,49.18741,3,0.4924164,False,0,100,99.99998,0,0,100,99.99998
CD_280_IP,-0.408,-3.408,49.84294,49.75709,3,0.08584595,False,0,100,100,0,0,100,100
CD_277_IP,-2.016,-5.016,49.76932,49.64074,3,0.1285744,False,0,100,99.99998,0,0,100,99.99998
CD_278_IP,-0.408,-3.408,49.76663,49.62904,3,0.1375923,False,0,100,100,0,0,100,100
CD_279_IP,-1.512,-4.512,49.73394,49.4012,3,0.3327408,False,0,100,100,0,0,100,100
CD_281_IP,-0.6,-3.6,49.79962,48.73492,3,1.064697,False,0,100,99.99998,0,0,100,99.99998
CD_282_IP,-2.064,-5.064,48.13377,47.1153,3,1.018463,False,0,100,99.99998,0,0,100,99.99998
CD_311_IP,-0.576,-3.576,50.51543,50.35876,3,0.156662,False,0,100,100,0,0,100,100
CD_325_IP,-2.592,-5.592,52.86452,52.71923,3,0.1452866,False,0,100,99.99998,0,0,100,99.99998
CD_283_IP,-0.6,-3.6,50.94302,50.74398,3,0.1990471,False,0,100,99.99999,0,0,100,99.99999
CD_312_IP,-1.944,-4.944,51.25405,51.04816,3,0.2058907,False,0,100,99.99999,0,0,100,99.99999
CD_297_IP,-0.408,-3.408,54.20109,54.03252,3,0.1685715,False,0,100,100,0,0,100,100
CD_288_IP,-1.824,-4.824,53.63952,53.41403,3,0.2254906,False,0,100,100,0,0,100,100
CD_286_IP,-1.152,-4.152,53.63634,53.38475,3,0.2515869,False,0,100,99.99999,0,0,100,99.99999
CD_291_IP,-1.2,-4.2,53.16923,52.65072,3,0.5185051,False,0,100,100,0,0,100,100
CD_289_IP,-2.136,-5.136,53.18021,52.70122,3,0.4789886,False,0,100,99.99999,0,0,100,99.99999
CD_295_IP,-2.376,-5.376,53.30075,52.91576,3,0.3849983,False,0,100,99.99999,0,0,100,99.99999
CD_290_IP,-0.672,-3.672,53.16239,52.34283,3,0.819561,False,0,100,100,0,0,100,100
CD_293_IP,0,-3,53.17566,52.67973,3,0.4959259,False,0,100,100,0,0,100,100
CD_292_IP,-2.4,-5.4,53.02572,52.03668,3,0.9890404,False,0,100,100,0,0,100,100
CD_294_IP,0,-3,53.17564,52.63942,3,0.5362282,False,0,0,100,0,0,0,100
CD_296_IP,-2.76,-5.76,53.14753,52.34395,3,0.8035736,False,0,100,100,0,0,100,100
CD_306_IP,-2.496,-5.496,53.816,53.61639,3,0.1996078,False,0,100,99.99999,0,0,100,99.99999
CD_298_IP,-1.776,-4.776,52.83278,52.68037,3,0.1524086,False,0,100,99.99999,0,0,100,99.99999
CD_299_IP,-0.336,-3.336,51.75177,51.58572,3,0.16605,False,0,99.99998,99.99998,0,0,99.99998,99.99998
CD_302_IP,-0.816,-3.816,51.48692,51.31984,3,0.1670837,False,0,99.99998,100,0,0,99.99998,100
CD_326_IP,-0.336,-3.336,52.608,52.36817,3,0.2398338,False,0,100,100,0,0,100,100
CD_301_IP,-0.936,-3.936,51.87087,51.38286,3,0.4880066,False,0,100,100,0,0,100,100
CD_303_IP,-2.448,-5.448,51.37666,50.85963,3,0.5170326,False,0,99.99998,100,0,0,99.99998,100
CD_304_IP,-2.52,-5.52,51.8241,51.19271,3,0.6313896,False,0,100,100,0,0,100,100
CD_305_IP,-2.016,-5.016,52.35321,52.17179,3,0.1814232,False,0,100,100,0,0,100,100
CD_307_IP,-1.344,-4.344,52.57267,52.40663,3,0.1660385,False,0,100,99.99998,0,0,100,99.99998
CD_337_IP,-0.336,-3.336,52.80359,52.48096,3,0.322628,False,0,100,99.99999,0,0,100,99.99999
CD_309_IP,-2.28,-5.28,52.00037,51.5833,3,0.4170685,False,0,100,99.99998,0,0,100,99.99998
CD_308_IP,-0.312,-3.312,51.99828,51.47329,3,0.5249901,False,0,100,99.99997,0,0,100,99.99997
CD_310_IP,-1.848,-4.848,51.38976,51.04591,3,0.3438492,False,0,100,99.99999,0,0,100,99.99999
CD_322_IP,-1.968,-4.968,50.61242,50.44464,3,0.1677856,False,0,100,100,0,0,100,100
CD_313_IP,-1.632,-4.632,50.55445,50.3683,3,0.1861458,False,0,100,100,0,0,100,100
CD_317_IP,-0.6,-3.6,50.74537,50.52268,3,0.2226868,False,0,100,100,0,0,100,100
CD_315_IP,-0.6,-3.6,50.36567,50.19092,3,0.1747513,False,0,100,99.99998,0,0,100,99.99998
CD_314_IP,0,-3,50.36553,50.14555,3,0.2199745,False,0,0,99.99998,0,0,0,99.99998
CD_316_IP,-0.384,-3.384,50.75251,50.57372,3,0.1787949,False,0,100,100,0,0,100,100
CD_321_IP,-2.136,-5.136,50.57582,50.38032,3,0.1955032,False,0,100,100,0,0,100,100
CD_320_IP,-1.968,-4.968,50.49784,50.23199,3,0.2658424,False,0,100,100,0,0,100,100
CD_318_IP,-1.992,-4.992,50.37803,50.12158,3,0.2564545,False,0,100,100,0,0,100,100
CD_319_IP,0,-3,50.37807,50.07961,3,0.2984619,False,0,0,100,0,0,0,100
CD_323_IP,-0.7679999,-3.768,50.58681,50.02068,3,0.5661392,False,0,100,100,0,0,100,100
CD_324_IP,-0.816,-3.816,52.78391,52.63762,3,0.1462898,False,0,100,100,0,0,100,100
CD_336_IP,-2.496,-5.496,52.70539,52.55746,3,0.1479301,False,0,99.99998,100,0,0,99.99998,100
CD_333_IP,-2.808,-5.808,52.72345,52.55325,3,0.1702003,False,0,100,99.99998,0,0,100,99.99998
CD_328_IP,-1.416,-4.416,52.02865,51.74163,3,0.2870216,False,0,100,100,0,0,100,100
CD_327_IP,-2.4,-5.4,52.5965,52.34161,3,0.2548943,False,0,100,100,0,0,100,100
CD_330_IP,-1.896,-4.896,52.53126,52.02465,3,0.5066032,False,0,100,100,0,0,100,100
CD_331_IP,-0.744,-3.744,52.44302,52.1556,3,0.2874222,False,0,100,99.99998,0,0,100,99.99998
CD_332_IP,-0.384,-3.384,52.6092,52.45968,3,0.1495247,False,0,100,100,0,0,100,100
CD_335_IP,-2.688,-5.688,52.72819,52.57056,3,0.1576347,False,0,100,100,0,0,100,100
CD_334_IP,-2.784,-5.783999,52.81441,52.61023,2.999999,0.204174,False,0,100,100,0,0,100,100
CD_338_IP,-1.368,-4.368,52.77995,52.29572,3,0.4842224,False,0,100,99.99999,0,0,100,99.99999
CD_346_IP,-1.608,-4.608,55.49981,55.3774,3,0.1224098,False,0,99.99999,100,0,0,99.99999,100
CD_349_IP,-1.728,-4.728,55.52831,55.39481,3,0.1334915,False,0,99.99999,100,0,0,99.99999,100
CD_339_IP,-19.614,-22.614,55.68272,55.55408,3.864,0.128643,False,0,99.99999,100,0,0,99.99999,100
CD_400_IP,-1.128,-4.128,56.75458,56.63916,3,0.1154251,False,0,100,99.99999,0,0,100,99.99999
CD_389_IP,-1.8,-4.8,58.9913,58.90901,3,0.08229446,False,0,100,99.99999,0,0,100,99.99999
CD_393_IP,-2.856,-5.856,57.9647,57.89298,3,0.07172012,False,0,100,100,0,0,100,100
CD_380_IP,-1.536,-4.536,56.45592,56.36016,3,0.09575272,False,0,100,100,0,0,100,100
CD_392_IP,-1.272,-4.272,57.82779,57.75949,3,0.06829453,False,0,100,100,0,0,100,100
CD_408_IP,-1.008,-4.008,56.97961,56.87567,3,0.1039391,False,0,100,99.99999,0,0,100,99.99999
CD_387_IP,-2.76,-5.76,56.51132,56.37006,3,0.1412582,False,0,100,99.99998,0,0,100,99.99998
CD_371_IP,-1.08,-4.08,56.70874,56.60449,3,0.104248,False,0,100,99.99998,0,0,100,99.99998
CD_409_IP,-2.28,-5.28,56.72181,56.56059,3,0.1612129,False,0,100,100,0,0,100,100
CD_376_IP,-1.872,-4.872,56.24011,56.12897,3,0.111145,False,0,100,100,0,0,100,100
CD_340_IP,-1.44,-4.44,55.49945,55.37833,3,0.1211128,False,0,100,99.99999,0,0,100,99.99999
CD_355_IP,-2.664,-5.664,55.46896,55.34303,3,0.1259384,False,0,99.99999,100,0,0,99.99999,100
CD_350_IP,-2.64,-5.64,55.51881,55.39066,3,0.1281471,False,0,99.99999,99.99999,0,0,99.99999,99.99999
CD_342_IP,-2.496,-5.496,55.51473,55.39088,3,0.1238518,False,0,99.99996,99.99998,0,0,99.99996,99.99998
CD_341_IP,-0.6,-3.6,56.42693,56.3292,3,0.0977211,False,0,100,100,0,0,100,100
CD_379_IP,-0.96,-3.96,55.5417,55.41457,3,0.1271286,False,0,99.99996,100,0,0,99.99996,100
CD_386_IP,-2.208,-5.208,55.9629,55.80806,3,0.1548462,False,0,100,100,0,0,100,100
CD_347_IP,-2.832,-5.831999,55.45726,55.30293,2.999999,0.154335,False,0,100,99.99998,0,0,100,99.99998
CD_343_IP,-0.432,-3.432,55.44281,55.21703,3,0.2257767,False,0,99.99998,100,0,0,99.99998,100
CD_344_IP,-2.88,-5.88,55.44213,55.23729,3,0.2048416,False,0,99.99999,100,0,0,99.99999,100
CD_345_IP,-1.536,-4.536,55.45232,55.27767,3,0.1746483,False,0,99.99998,99.99999,0,0,99.99998,99.99999
CD_348_IP,-0.984,-3.984,55.44177,55.20284,3,0.2389336,False,0,99.99998,99.99999,0,0,99.99998,99.99999
CD_351_IP,-20.886,-23.886,52.01548,51.46107,4.536001,0.554409,False,0,99.99998,100,0,0,99.99998,100
CD_352_IP,-0.456,-3.456,50.05302,49.22269,3,0.8303337,False,0,100,100,0,0,100,100
CD_354_IP,-35.9039,-38.76152,39.33226,36.53217,0.1384773,2.800091,False,0,100,100,0,0,100,100
CD_384_IP,-1.488,-4.488,55.49337,55.36538,3,0.1279907,False,0,100,99.99998,0,0,100,99.99998
CD_356_IP,-2.496,-5.496,55.49124,55.34177,3,0.1494675,False,0,99.99998,100,0,0,99.99998,100
CD_358_IP,-2.856,-5.856,55.65003,55.51863,3,0.1314049,False,0,100,100,0,0,100,100
CD_216_IP,-2.688,-5.688,55.57735,55.44605,3,0.1313057,False,0,100,100,0,0,100,100
CD_357_IP,-1.92,-4.92,55.62014,55.4511,3,0.1690369,False,0,100,100,0,0,100,100
CD_359_IP,-2.832,-5.831999,55.49422,55.2951,2.999999,0.1991196,False,0,100,100,0,0,100,100
CD_360_IP,-1.656,-4.656,55.16072,54.68738,3,0.4733429,False,0,100,99.99998,0,0,100,99.99998
CD_362_IP,-1.68,-4.68,55.781,55.65214,3,0.1288643,False,0,100,99.99996,0,0,100,99.99996
CD_361_IP,-2.04,-5.04,55.72404,55.53273,3,0.1913147,False,0,100,100,0,0,100,100
CD_363_IP,-0.936,-3.936,55.74098,55.5631,3,0.1778831,False,0,100,100,0,0,100,100
CD_364_IP,-0.792,-3.792,55.73627,55.50666,3,0.2296104,False,0,100,99.99999,0,0,100,99.99999
CD_365_IP,-1.776,-4.776,55.28399,54.83616,3,0.4478302,False,0,100,100,0,0,100,100
CD_367_IP,-1.128,-4.128,55.98988,55.8675,3,0.1223717,False,0,100,100,0,0,100,100
CD_366_IP,-0.6,-3.6,55.82903,55.59512,3,0.2339058,False,0,100,99.99998,0,0,100,99.99998
CD_368_IP,-2.088,-5.088,56.00508,55.86181,3,0.1432724,False,0,99.99999,99.99999,0,0,99.99999,99.99999
CD_369_IP,-2.304,-5.304,56.08352,55.90986,3,0.1736526,False,0,100,100,0,0,100,100
CD_370_IP,-1.656,-4.656,56.39222,56.13406,3,0.2581596,False,0,100,99.99999,0,0,100,99.99999
CD_372_IP,-2.736,-5.736,54.85079,54.0532,3,0.7975922,False,0,100,99.99998,0,0,100,99.99998
CD_373_IP,-3.5,-6.5,54.45864,52.84539,3,1.613251,False,0,100,99.99999,0,0,100,99.99999
CD_374_IP,-2.136,-5.136,55.44473,55.23565,3,0.2090836,False,0,99.99999,99.99999,0,0,99.99999,99.99999
CD_375_IP,-2.33,-5.33,55.28671,54.5423,3,0.7444077,False,0,99.99999,99.99998,0,0,99.99999,99.99998
CD_377_IP,-2.232,-5.232,56.28135,56.14344,3,0.1379089,False,0,100,99.99999,0,0,100,99.99999
CD_378_IP,-2.376,-5.376,56.41261,56.25349,3,0.1591187,False,0,100,99.99999,0,0,100,99.99999
CD_381_IP,-1.896,-4.896,56.42027,56.16801,3,0.2522545,False,0,100,99.99999,0,0,100,99.99999
CD_382_IP,-2.808,-5.808,55.68081,55.49411,3,0.1866989,False,0,99.99998,99.99998,0,0,99.99998,99.99998
CD_385_IP,-0.36,-3.36,55.53708,55.37465,3,0.1624374,False,0,99.99998,99.99999,0,0,99.99998,99.99999
CD_383_IP,-0.456,-3.456,55.71036,55.58202,3,0.1283417,False,0,100,100,0,0,100,100
CD_388_IP,-2.856,-5.856,56.5135,56.38179,3,0.1317139,False,0,100,100,0,0,100,100
CD_391_IP,-0.576,-3.576,58.37421,58.24074,3,0.1334724,False,0,100,100,0,0,100,100
CD_390_IP,-2.832,-5.831999,57.9874,57.88393,2.999999,0.1034775,False,0,100,99.99999,0,0,100,99.99999
CD_394_IP,-1.272,-4.272,57.79277,57.66743,3,0.1253357,False,0,100,99.99999,0,0,100,99.99999
CD_395_IP,-2.232,-5.232,57.32051,57.18112,3,0.1393967,False,0,100,100,0,0,100,100
CD_396_IP,-1.08,-4.08,57.14557,56.64918,3,0.4963913,False,0,100,99.99998,0,0,100,99.99998
CD_397_IP,-2.736,-5.736,57.06428,56.92545,3,0.1388321,False,0,100,100,0,0,100,100
CD_415_IP,-2.448,-5.448,57.17319,57.03362,3,0.139576,False,0,100,99.99998,0,0,100,99.99998
CD_414_IP,-2.664,-5.664,56.96205,56.76125,3,0.200798,False,0,100,100,0,0,100,100
CD_398_IP,-1.896,-4.896,56.85432,56.6449,3,0.2094269,False,0,100,100,0,0,100,100
CD_399_IP,-1.8,-4.8,56.74794,56.03719,3,0.710743,False,0,100,99.99998,0,0,100,99.99998
CD_406_IP,-1.464,-4.464,56.80744,56.68396,3,0.1234741,False,0,100,99.99998,0,0,100,99.99998
CD_402_IP,-2.208,-5.208,56.74975,56.5817,3,0.1680527,False,0,100,100,0,0,100,100
CD_401_IP,-0.576,-3.576,56.74471,56.45786,3,0.2868538,False,0,100,100,0,0,100,100
CD_403_IP,-0.864,-3.864,56.79961,56.6237,3,0.1759109,False,0,100,99.99998,0,0,100,99.99998
CD_404_IP,-1.032,-4.032,56.84045,56.71387,3,0.1265869,False,0,100,99.99999,0,0,100,99.99999
CD_405_IP,-0.288,-3.288,56.79852,56.54812,3,0.2504044,False,0,100,99.99998,0,0,100,99.99998
CD_407_IP,0,-3,56.80743,56.64082,3,0.1666031,False,0,0,100,0,0,0,100
CD_410_IP,-1.776,-4.776,56.78022,56.60418,3,0.1760368,False,0,100,99.99998,0,0,100,99.99998
CD_411_IP,0,-3,56.78011,56.5648,3,0.2153015,False,0,0,100,0,0,0,100
CD_412_IP,-1.584,-4.584,57.1232,56.5014,3,0.6217995,False,0,100,100,0,0,100,100
CD_413_IP,-0.816,-3.816,57.132,56.4472,3,0.6847992,False,0,100,100,0,0,100,100
CD_429_IP,0,-3,512.7349,512.6293,3,0.1055298,False,0,100,100,0,0,100,100
CD_445_IP,-30.77297,-33.6306,112.6963,112.6012,0.3694038,0.09514618,False,0,100,99.99999,0,0,100,99.99999
CD_431_IP,0,-3,116.7296,116.6856,3,0.04398346,False,0,100,100,0,0,100,100
CD_430_HP,0,-3,125,125,3,0,False,0,100,100,0,0,100,100
CD_432_IP,-9.425,-12.425,74.36523,74.34032,3,0.0249176,False,0,99.99999,100,0,0,99.99999,100
CD_433_IP,-27.93,-30.93,74.31761,74.29017,3,0.02744293,False,0,99.99999,100,0,0,99.99999,100
CD_434_IP,-19.6,-22.6,74.29282,74.26362,3,0.02920532,False,0,99.99999,100,0,0,99.99999,100
CD_435_IP,-5.685,-8.685,74.27767,74.24706,3,0.03060913,False,0,99.99999,100,0,0,99.99999,100
CD_436_IP,-8.49,-11.49,74.26172,74.22949,2.999999,0.03222656,False,0,99.99999,100,0,0,99.99999,100
CD_437_IP,-15.99,-18.99,74.19985,74.16026,3.000001,0.03958893,False,0,99.99999,100,0,0,99.99999,100
CD_438_IP,-33,-36,74.19006,74.14874,3,0.04131317,False,0,99.99999,100,0,0,99.99999,100
CD_439_IP,0,-3,74.66629,74.65617,3,0.01012421,False,0,100,100,0,0,100,100
CD_440_IP,-75,-78,73.83701,73.76054,3,0.07646942,False,0,100,100,0,0,100,100
CD_443_IP,0,-3,116.6238,116.5766,3,0.04721832,False,0,100,100,0,0,100,100
CD_444_IP,0,-3,75,75,3,0,False,0,100,100,0,0,100,100
